test123,23
test23,34
test13,45
test14,29
test123,23
test23,34
test13,45
test14,29
test123,23
test23,34
test13,45
test14,29
test123,23
test23,34
test13,45
test14,29
test123,23
test23,34
test13,45
test14,29
test123,23
test23,34
test13,45
test14,29
test123,23
test23,34
test13,45
test14,29
test123,23
test23,34
test13,45
test14,29
test123,23
test23,34
test13,45
test14,29
test123,23
test23,34
test13,45
test14,29
test123,23
test23,34
test13,45
test14,29
test123,23
test23,34
test13,45
test14,29
test123,23
test23,34
test13,45
test14,29
test123,23
test23,34
test13,45
test14,29
test123,23
test23,34
test13,45
test14,29
test123,23
test23,34
test13,45
test14,29
test123,23
test23,34
test13,45
test14,29
test123,23
test23,34
test13,45
test14,29
test123,23
test23,34
test13,45
test14,29
test123,23
test23,34
test13,45
test14,29
test123,23
test23,34
test13,45
test14,29
test123,23
test23,34
test13,45
test14,29
test123,23
test23,34
test13,45
test14,29
test123,23
test23,34
test13,45
test14,29
test123,23
test23,34
test13,45
test14,29
test123,23
test23,34
test13,45
test14,29
test123,23
test23,34
test13,45
test14,29
test123,23
test23,34
test13,45
test14,29
test123,23
test23,34
test13,45
test14,29
test123,23
test23,34
test13,45
test14,29
test123,23
test23,34
test13,45
test14,29
test123,23
test23,34
test13,45
test14,29
test123,23
test23,34
test13,45
test14,29
test123,23
test23,34
test13,45
test14,29
test123,23
test23,34
test13,45
test14,29
test123,23
test23,34
test13,45
test14,29
test123,23
test23,34
test13,45
test14,29
test123,23
test23,34
test13,45
test14,29
test123,23
test23,34
test13,45
test14,29
test123,23
test23,34
test13,45
test14,29
test123,23
test23,34
test13,45
test14,29
test123,23
test23,34
test13,45
test14,29
test123,23
test23,34
test13,45
test14,29
test123,23
test23,34
test13,45
test14,29
test123,23
test23,34
test13,45
test14,29
test123,23
test23,34
test13,45
test14,29
test123,23
test23,34
test13,45
test14,29
test123,23
test23,34
test13,45
test14,29
test123,23
test23,34
test13,45
test14,29
test123,23
test23,34
test13,45
test14,29
test123,23
test23,34
test13,45
test14,29
test123,23
test23,34
test13,45
test14,29
test123,23
test23,34
test13,45
test14,29
test123,23
test23,34
test13,45
test14,29
test123,23
test23,34
test13,45
test14,29
test123,23
test23,34
test13,45
test14,29
test123,23
test23,34
test13,45
test14,29
test123,23
test23,34
test13,45
test14,29
test123,23
test23,34
test13,45
test14,29
test123,23
test23,34
test13,45
test14,29
test123,23
test23,34
test13,45
test14,29
test123,23
test23,34
test13,45
test14,29
test123,23
test23,34
test13,45
test14,29
test123,23
test23,34
test13,45
test14,29
test123,23
test23,34
test13,45
test14,29
test123,23
test23,34
test13,45
test14,29
test123,23
test23,34
test13,45
test14,29
test123,23
test23,34
test13,45
test14,29
test123,23
test23,34
test13,45
test14,29
test123,23
test23,34
test13,45
test14,29
test123,23
test23,34
test13,45
test14,29
test123,23
test23,34
test13,45
test14,29
test123,23
test23,34
test13,45
test14,29
test123,23
test23,34
test13,45
test14,29
test123,23
test23,34
test13,45
test14,29
test123,23
test23,34
test13,45
test14,29
test123,23
test23,34
test13,45
test14,29
test123,23
test23,34
test13,45
test14,29
test123,23
test23,34
test13,45
test14,29
test123,23
test23,34
test13,45
test14,29
test123,23
test23,34
test13,45
test14,29
test123,23
test23,34
test13,45
test14,29
test123,23
test23,34
test13,45
test14,29
test123,23
test23,34
test13,45
test14,29
test123,23
test23,34
test13,45
test14,29
test123,23
test23,34
test13,45
test14,29
test123,23
test23,34
test13,45
test14,29
test123,23
test23,34
test13,45
test14,29
test123,23
test23,34
test13,45
test14,29
test123,23
test23,34
test13,45
test14,29
test123,23
test23,34
test13,45
test14,29
test123,23
test23,34
test13,45
test14,29
test123,23
test23,34
test13,45
test14,29
test123,23
test23,34
test13,45
test14,29
test123,23
test23,34
test13,45
test14,29
test123,23
test23,34
test13,45
test14,29
test123,23
test23,34
test13,45
test14,29
test123,23
test23,34
test13,45
test14,29